id,value,target,status
R1,"0 to 100 V; high-voltage case 83 V at -10 °C; capacitors 160 V, MOSFETs 150 V","0 to 100 V, below 120 V",Met (design review)
R2,0 to 20.48 A full scale; shunt 1.6 W of 3 W at 20 A,0 to 20 A,Met (design review)
R3,20.5 ms high-current case at 6.6 mF nominal (16.4 ms at -20 %); 32 ms reference; up to 81 ms,20 to 200 ms,Not met (worst-case tolerance)
R4,"410 pairs minimum (high-current case, -20 % C)",200 or more,Met
R5,V ±0.17 % ±0.024 % FS; I ±0.21 % ±0.026 % FS,±1 % of reading ±0.1 % FS,Met on paper (needs calibration)
R6,Instrument noise 0.08 % per sample; irradiance drift dominates,Pmax ±1 % over 3 sweeps,Not verifiable at TRL 3
R7,Irradiance ±3.6 to ±5.4 %; temperature probe ±2 °C budget,"±5 %, ±2 °C",At risk
R8,±3.7 to ±5.4 % (needs reference cell within ±4.5 %),±5 % or better,At risk
R9,7 or more samples per volt; rules drafted,Flags within 5 s,Not verifiable at TRL 3
R10,"A, B, C, reject thresholds adopted for TRL 3; editable table",Partner-editable grades,Met (design review)
R11,30 V in 0.21 s; 60 V passive in 40 s; opens below 0.5 A after up to 6 ms more,30 V in 2 s; 60 V in 60 s; open below 0.5 A,Met
R12,1.41 kg; 234 x 144 x 80 mm over bumpers,1.5 kg; 250 x 150 x 100 mm,Met
R13,Inside about 56 °C (light case) to 73 °C (dark) at 45 °C in sun; TFT not sun-readable; IP54 case,"0 to 45 °C, sun, IP54, readable",Not met (display); at risk (heat)
R14,"10.3 h, about 1853 sweeps",8 h or 200 sweeps,Met
R15,CSV fields defined in PVT-PRC-001; no firmware at TRL 3,"CSV per sweep, USB or Wi-Fi export",Met (design review)
R16,No insulation test in this instrument,Detect insulation faults,Not met (out of scope)
R17,$163 in parts,$150 or less (proposed $165),Not met at $150; met at proposed $165
