item,qty,spec,supplier,unit_cost_usd,make_buy,notes
1 Enclosure body,1,"IP54 ABS handheld case about 220 x 130 x 80 mm, light grey, with rubber corner bumpers and four moulded corner pillars for the lid screws; drilled for 2 x M16 test lead glands and 1 x M12 sensor gland (glands included), the USB-C socket (line 17) and five 3.4 mm floor holes for the chassis plate standoffs",Electronics distributor (Hammond or similar enclosure maker),12.00,buy,Indicative price; lid supplied with case; light color for heat (PVT-CAL-001); holes per PVT-DDR-003 and drawing PVT-DWG-101
2 Enclosure lid window and gasket,1,"3 mm clear polycarbonate window, 72 x 54 mm, bonded on top of the lid with adhesive gasket tape over a 62 x 46 mm opening",Self (plastics stockist offcut),3.00,make,Material cost only; size changed by PVT-DDR-003; drawing PVT-DWG-103
3 Controller and display board,1,"ESP32 board 86 x 50 mm with 2.8 in 320 x 240 TFT and microSD socket (ESP32-2432S028 class), with 8 GB microSD card; hung under the lid on four M3 x 7 mm hex standoffs; plus a 16-bit I2C ADC module (ADS1115 class) for the reference cell, on the controller side",Online retailer (AliExpress or similar),21.00,buy,Indicative price; decision 5 and 7 in PVT-DDR-001; fixing and pod ADC per PVT-DDR-003 (+$3)
4 Measurement board,1,"4 milliohm 3 W four-terminal shunt (50 ppm/°C), INA240A2-class current-sense amplifier, 1 Mohm and 39 kohm 0.1 % 25 ppm/°C divider, dual-channel 12-bit 100 kS/s SPI ADC (MCP3202 class), 4.096 V reference, protection diodes, perfboard 44 x 56 mm on four 6 mm nylon standoffs","Electronics distributor (Digi-Key, Mouser or similar)",16.00,buy,Indicative price; parts for hand wiring
5 Load capacitor,4,"2200 uF 160 V electrolytic, snap-in, about 35 x 60 mm, 105 °C","Electronics distributor (Digi-Key, Mouser or similar)",6.00,buy,"Indicative price; four bought, three fitted: each is measured at build and the best three that give at least 6.45 mF together are fitted (PVT-DEC-001 item 4; one spare, USD 6; the spare is not modelled)"
6 Load and discharge switches,1,"2 x 150 V N-channel MOSFETs (about 10 milliohm, TO-220), gate driver, aluminium bar","Electronics distributor (Digi-Key, Mouser or similar)",9.00,buy,Indicative price
7 Discharge resistors,1,22 ohm 50 W aluminium-clad resistor plus 10 kohm 3 W passive bleed,"Electronics distributor (Digi-Key, Mouser or similar)",5.00,buy,Indicative price
8 DC fuse and holder,1,"20 A gPV 10 x 38 mm fuse, 1,000 V DC, in a DC-rated holder",Solar or electrical wholesaler,9.00,buy,Indicative price
9 DC isolator,1,"2-pole rotary DC isolator, 20 A at 250 V DC or more",Solar or electrical wholesaler,16.00,buy,Indicative price; buy from a reputable brand
10 Battery and charger,1,"Protected Li-ion 18650 cell about 3000 mAh, holder, USB-C charger with temperature cut-off, 5 V boost and protection board",Battery specialist or electronics distributor,12.00,buy,Indicative price
11 Test leads,1,"2 x 1 m, 4 mm2 double-insulated PV cable (red, black) with brand-matched MC4 connectors",Solar wholesaler,16.00,buy,Indicative price; mixed MC4 brands must not be used
12 Sensor pod,1,"Encapsulated mono-Si reference cell about 80 x 50 mm with shunt, waterproof DS18B20 probe with foam shade, printed housing and C-clip with M6 thumb screw (PVT-DWG-106, 107), M12 cable gland, 3 m cable with connector",Online retailer and self (printed housing),16.00,buy,Indicative price; calibration against a pyranometer per decision 6; clip and gland added by PVT-DDR-003 (+$1)
13 Hardware and consumables,1,"Screws, standoffs, wire, heat-shrink, thermal pad, labels; five M3 x 5 mm nylon standoffs and M3 countersunk screws for the chassis plate; four M3 x 20 mm hood screws with sealing washers; two cable ties for the capacitor bank; neutral-cure silicone; insulating pads and bushings for the MOSFETs",Self (hardware store),8.00,buy,Indicative price; fixings added by PVT-DDR-003 (+$2)
14 Isolation barrier,1,"Digital isolator for SPI and gate control (4 channels, ISO7741 or ADuM1401 class) and 1 W isolated 5 V to 5 V DC-DC module, on a small perfboard","Electronics distributor (Digi-Key, Mouser or similar)",8.00,buy,Indicative price; decision 4 (option B) in PVT-DDR-001
15 Display sun hood,1,"3D-printed light grey PETG hood over the display window: three walls, a 20 mm roof lip and four inside screw tabs, 92 x 64 x 18 mm, about 15 g, held by the 4 M3 display screws (line 13)",Self (printed),1.00,make,Material cost only; decision 12 in PVT-DDR-002; tabs and width per PVT-DDR-003; drawing PVT-DWG-104
16 Chassis plate,1,"1.5 mm polycarbonate sheet cut to 212 x 122 mm with corner notches, two pairs of cable tie slots and screw holes; carries every part in the case body",Self (plastics stockist offcut),3.00,make,Material cost only; added by PVT-DDR-003; drawing PVT-DWG-102
17 USB-C charging socket,1,"Panel-mount USB-C socket, IP65 or better with tethered cap, M16 thread with locknut, 0.3 m lead to the charger (controller side of the isolation barrier)",Electronics distributor or online retailer,5.00,buy,Indicative price; added by PVT-DDR-003 for USB-C charging with the case closed (R14)
18 Keypad and status LEDs,1,"3-key membrane keypad 64 x 40 mm (sweep key and two menu keys) with a flat tail and self-adhesive back, bonded on the lid; two 3 mm LEDs (green ready, amber live DC) in 5.4 mm panel clips; 6-way lead to a header on the display board (controller side of the isolation barrier)",Electronics distributor and online retailer,8.00,buy,"Indicative price: blank 3-key membrane switch about USD 3.50 plus printed overlay label USD 1, two LED clips with LEDs about USD 2, header and lead USD 1.50; decided 2026-10-02 (PVT-DEC-001 item 6); lid slot and holes in making sketch PVT-DWG-104"
